Id,R,RM,Nome,Squadra,Qt.A,Qt.I,Diff.,Qt.A M,Qt.I M,Diff.M,FVM,FVM M
5841,P,Por,Svilar,Roma,19,18,1,19,18,1,90,90
4431,P,Por,Carnesecchi,Atalanta,16,16,0,16,16,0,56,56
5116,P,Por,Martinez Jo.,Inter,16,17,-1,16,17,-1,63,63
4964,P,Por,Vicario,Juventus,16,16,0,16,16,0,62,62
6966,P,Por,Butez,Como,15,16,-1,15,16,-1,47,47
4312,P,Por,Maignan,Milan,14,15,-1,14,15,-1,51,51
4360,P,Por,Caprile,Cagliari,11,9,2,11,9,2,25,25
6482,P,Por,Mandas,Lazio,11,9,2,11,9,2,35,35
133,P,Por,Skorupski,Bologna,10,10,0,10,10,0,28,28
2521,P,Por,De Gea,Fiorentina,10,13,-3,10,13,-3,24,24
572,P,Por,Meret,Napoli,10,11,-1,10,11,-1,45,45
6534,P,Por,Perri,Torino,9,9,0,9,9,0,17,17
2134,P,Por,Falcone,Lecce,8,8,0,8,8,0,24,24
6462,P,Por,Okoye,Udinese,8,9,-1,8,9,-1,26,26
6344,P,Por,Sanchez Ro.,Como,8,8,0,8,8,0,15,15
7332,P,Por,Bijlow,Genoa,7,8,-1,7,8,-1,12,12
6415,P,Por,Palmisani,Frosinone,6,4,2,6,4,2,13,13
7411,P,Por,Daffara,Parma,6,7,-1,6,7,-1,5,5
4236,P,Por,Muric,Sassuolo,6,7,-1,6,7,-1,14,14
2170,P,Por,Milinkovic-Savic V.,Napoli,5,5,0,5,5,0,10,10
6248,P,Por,Stankovic F.,Venezia,5,6,-1,5,6,-1,9,9
4485,P,Por,Thiam,Monza,4,5,-1,4,5,-1,4,4
6662,P,Por,Corvi,Parma,3,1,2,3,1,2,10,10
7172,P,Por,Pessina Mas.,Bologna,2,1,1,2,1,1,1,1
4,P,Por,Sportiello,Atalanta,1,1,0,1,1,0,1,1
7533,P,Por,Happonen,Bologna,1,1,0,1,1,0,1,1
6650,P,Por,Sherri,Cagliari,1,1,0,1,1,0,1,1
7301,P,Por,Tornqvist,Monza,1,1,0,1,1,0,3,3
2809,P,Por,Vigorito,Como,1,1,0,1,1,0,1,1
6403,P,Por,Christensen O.,Fiorentina,1,1,0,1,1,0,1,1
158,P,Por,Lezzerini,Fiorentina,1,1,0,1,1,0,1,1
7463,P,Por,Desplanches,Frosinone,1,2,-1,1,2,-1,1,1
7466,P,Por,Lolic,Frosinone,1,1,0,1,1,0,1,1
219,P,Por,Sommariva,Genoa,1,1,0,1,1,0,1,1
6569,P,Por,Stolz,Genoa,1,1,0,1,1,0,1,1
1926,P,Por,Di Gennaro,Inter,1,1,0,1,1,0,1,1
2814,P,Por,Provedel,Inter,1,2,-1,1,2,-1,5,5
1930,P,Por,Pinsoglio,Juventus,1,1,0,1,1,0,1,1
7337,P,Por,Motta,Lazio,1,1,0,1,1,0,1,1
7534,P,Por,Renzetti,Lazio,1,1,0,1,1,0,1,1
2815,P,Por,Terracciano,Milan,1,1,0,1,1,0,1,1
6813,P,Por,Torriani,Milan,1,1,0,1,1,0,1,1
7475,P,Por,Strajnar,Monza,1,1,0,1,1,0,1,1
2845,P,Por,Contini,Napoli,1,1,0,1,1,0,1,1
7048,P,Por,De Marzi,Roma,1,1,0,1,1,0,1,1
610,P,Por,Gollini,Roma,1,1,0,1,1,0,1,1
4518,P,Por,Russo A.,Sassuolo,1,1,0,1,1,0,1,1
4867,P,Por,Turati,Sassuolo,1,1,0,1,1,0,1,1
7457,P,Por,Mascardi,Torino,1,1,0,1,1,0,1,1
7363,P,Por,Siviero,Torino,1,1,0,1,1,0,1,1
543,P,Por,Padelli,Udinese,1,1,0,1,1,0,1,1
6671,P,Por,Grandi,Venezia,1,1,0,1,1,0,1,1
7531,P,Por,Pozzi,Venezia,1,1,0,1,1,0,1,1
2127,P,Por,Satalino,Sassuolo,1,1,0,1,1,0,1,1
7557,P,Por,Penev,Lecce,1,1,0,1,1,0,1,1
7560,P,Por,Pisseri,Frosinone,1,1,0,1,1,0,1,1
3,P,Por,Radunovic,Cagliari,1,1,0,1,1,0,1,1
4957,P,Por,Montipò,Venezia,1,1,0,1,1,0,1,1
4468,P,Por,Bleve,Lecce,1,1,0,1,1,0,1,1
7603,P,Por,Grabara,Juventus,1,1,0,1,1,0,1,1
7611,P,Por,Mrozek,Udinese,1,1,0,1,1,0,1,1
2874,P,Por,Ghidotti,Parma,1,1,0,1,1,0,1,1
7626,P,Por,Pompei,Atalanta,1,1,0,1,1,0,1,1
254,D,E;W,Dimarco,Inter,30,32,-2,29,30,-1,250,250
7181,D,E,Wesley,Roma,18,17,1,16,16,0,87,87
4998,D,E,Molina N.,Roma,18,18,0,18,18,0,63,63
2788,D,Dc,Bremer,Juventus,16,15,1,16,15,1,56,56
4159,D,Dc,Akanji,Inter,15,16,-1,15,16,-1,41,41
2296,D,Dc,Mancini,Roma,15,15,0,15,15,0,54,54
2120,D,Dc,Bastoni,Inter,14,14,0,14,14,0,42,42
4409,D,Dc,Rrahmani,Napoli,14,14,0,14,14,0,51,51
4976,D,Dd;Dc,Kalulu,Juventus,13,13,0,14,14,0,42,44
5022,D,Dc,Pavlovic,Milan,13,14,-1,13,14,-1,43,43
6956,D,Dc,Solet,Udinese,13,13,0,13,13,0,35,35
6869,D,Dc,Ramon,Como,12,10,2,12,10,2,35,35
6217,D,Dc,Bisseck,Inter,12,11,1,12,11,1,36,36
2514,D,Dc,Stones,Inter,12,12,0,12,12,0,19,19
5833,D,Dc,Gila,Milan,12,12,0,12,12,0,29,29
2816,D,Dd;E,Di Lorenzo,Napoli,12,12,0,12,12,0,37,37
4317,D,Dc,N'Dicka,Roma,12,13,-1,12,13,-1,37,37
4807,D,Dc,Hermoso,Roma,11,10,1,11,10,1,34,34
5982,D,E,Spence,Inter,11,12,-1,10,11,-1,23,23
5526,D,Dc,Scalvini,Atalanta,10,10,0,10,10,0,25,25
5750,D,Dc,Ostigard,Genoa,10,11,-1,10,11,-1,32,32
5641,D,Dd;Dc,Chalobah T.,Como,10,9,1,11,10,1,28,30
5885,D,Dd;E,Dodò,Fiorentina,9,10,-1,9,10,-1,16,16
5514,D,Ds;Dc,Vasquez,Genoa,9,9,0,10,10,0,30,33
5877,D,B;Ds;E,Carlos Augusto,Inter,9,7,2,10,8,2,25,25
6989,D,Dc,Tiago Gabriel,Lecce,9,7,2,9,7,2,23,23
7485,D,Ds;E,Mangas,Monza,9,6,3,9,6,3,25,25
5862,D,Ds;E,Valeri,Parma,9,8,1,9,8,1,22,22
5555,D,Ds;E,Kamara H.,Udinese,9,6,3,9,6,3,12,12
6727,D,Dd;E,Couto,Como,9,8,1,9,8,1,31,31
554,D,Dd;E,Zappacosta,Atalanta,8,8,0,8,8,0,14,14
6042,D,Dc,Lucumì,Juventus,8,8,0,8,8,0,16,16
4734,D,Ds;E,Miranda J.,Bologna,8,8,0,8,8,0,22,22
5701,D,B;Ds;E,Obert,Cagliari,8,7,1,8,7,1,15,17
7414,D,Ds;E,Kaiki,Como,8,7,1,8,7,1,16,16
5365,D,Dc,Dragusin,Fiorentina,8,8,0,8,8,0,18,18
6531,D,Dd;Ds;E,Jimenez A.,Fiorentina,8,8,0,8,9,-1,17,20
5520,D,Dd;Ds;E,Cambiaso,Juventus,8,9,-1,9,10,-1,10,12
6320,D,Dc,Doekhi,Lazio,8,7,1,8,7,1,15,15
6496,D,Ds;E,Bartesaghi,Milan,8,8,0,8,8,0,12,12
1852,D,Ds;E,Spinazzola,Napoli,8,8,0,8,8,0,24,24
6664,D,B;Dd;E,Delprato,Parma,8,8,0,8,8,0,21,24
6495,D,Dc,Comuzzo,Torino,8,6,2,8,6,2,13,13
4994,D,Dd;E,Vojvoda,Udinese,8,8,0,8,8,0,19,19
5675,D,Ds;Dc,Theate,Bologna,8,8,0,9,9,0,20,22
7220,D,Dd;E,Belghali,Torino,8,7,1,8,7,1,17,17
4137,D,Dc,Diego Carlos,Parma,8,8,0,8,8,0,21,21
6046,D,Dc,Hien,Atalanta,7,8,-1,7,8,-1,11,11
4210,D,Dc,Mina,Cagliari,7,8,-1,7,8,-1,15,15
7274,D,Dd;Dc,Zè Pedro,Cagliari,7,5,2,7,6,1,14,16
6867,D,Ds;E,Valle,Como,7,6,1,7,6,1,23,23
7469,D,Ds;Dc,Bracaglia,Frosinone,7,5,2,7,5,2,16,18
6238,D,Dd;E,Oyono A.,Frosinone,7,5,2,7,5,2,10,10
4657,D,B;Dd;E,Celik,Juventus,7,8,-1,8,9,-1,16,18
5620,D,Ds;E,Tavares N.,Lazio,7,6,1,7,6,1,27,27
7529,D,Dc,Koulierakis,Roma,7,8,-1,7,8,-1,10,10
6672,D,Dc,Idzes,Sassuolo,7,7,0,7,7,0,17,17
5851,D,Ds;E,Doig,Sassuolo,7,4,3,7,4,3,10,10
6642,D,Dc,Coco,Torino,7,7,0,7,7,0,14,14
5010,D,Dc,Ismajli,Torino,7,7,0,7,7,0,12,12
7069,D,E,Fortini,Torino,7,5,2,6,4,2,12,12
7564,D,Ds;Dc,Leysen F.,Sassuolo,7,5,2,7,6,1,12,14
4705,D,Dc,Balerdi,Roma,7,6,1,7,6,1,14,14
2640,D,Ds;Dc,Kolasinac,Atalanta,6,5,1,7,6,1,12,13
7219,D,Ds;E,Bernasconi,Atalanta,6,6,0,6,6,0,16,16
7212,D,Ds;Dc,Heggem,Bologna,6,6,0,7,7,0,14,16
5678,D,Dd;E,Holm,Bologna,6,5,1,6,5,1,13,13
4433,D,Dd;E,Zortea,Bologna,6,6,0,6,6,0,15,15
6893,D,Dc,Kempf,Como,6,5,1,6,5,1,12,12
7410,D,Ds;Dc,Viery,Fiorentina,6,6,0,7,7,0,13,14
7467,D,Dc,Calvani,Frosinone,6,4,2,6,4,2,13,13
4952,D,Dc,Monterisi,Frosinone,6,6,0,6,6,0,12,12
6660,D,Dc,Marcandalli,Genoa,6,6,0,6,6,0,14,14
4177,D,Dd;Dc,Pavard,Inter,6,6,0,6,7,-1,14,16
2188,D,Dd;Ds;E,Marusic,Lazio,6,6,0,6,6,0,21,23
6990,D,Dd;E,Veiga D.,Lecce,6,5,1,6,5,1,12,12
4502,D,Ds;E,Gallo,Lecce,6,6,0,6,6,0,12,12
4401,D,Dc,Gabbia,Milan,6,7,-1,6,7,-1,14,14
4751,D,Dc,Tomori,Milan,6,7,-1,6,7,-1,8,8
5838,D,Dd;Ds;E,Birindelli,Monza,6,4,2,6,5,1,14,16
2724,D,Dc,Buongiorno,Napoli,6,7,-1,6,7,-1,14,14
6485,D,Dd;Dc,Kristensen T.,Atalanta,6,7,-1,7,8,-1,14,15
6821,D,Dd;E,Hainaut,Venezia,6,3,3,6,3,3,12,12
7329,D,Ds;E,Obrador,Sassuolo,6,6,0,6,6,0,11,11
4664,D,Dc,Badiashile,Napoli,6,7,-1,6,7,-1,11,11
7580,D,Dc,Sutalo J.,Lazio,6,7,-1,6,7,-1,19,19
4147,D,Dc,Caleta-Car,Sassuolo,6,6,0,6,6,0,11,11
7621,D,Dd;E,Sugawara,Cagliari,6,6,0,6,6,0,15,15
6319,D,Dc,Leite,Lazio,6,6,0,6,6,0,14,14
4887,D,Dd;E,Bellanova,Atalanta,5,6,-1,5,6,-1,17,17
7532,D,Dc,Kofler,Cagliari,5,5,0,5,5,0,4,4
7268,D,Ds;Dc,Rodriguez Ju.,Cagliari,5,3,2,6,4,2,14,17
7294,D,Ds;Dc,Valdepenas,Fiorentina,5,6,-1,6,7,-1,11,13
5831,D,Dc,Gatti,Juventus,5,4,1,5,4,1,12,12
6766,D,Ds;Dc,Kelly L.,Juventus,5,5,0,6,6,0,12,14
4817,D,Ds;E,Pedraza,Lazio,5,5,0,5,5,0,14,14
7240,D,Dc,Siebert,Lecce,5,4,1,5,4,1,12,12
5739,D,Dd;Dc,De Winter,Milan,5,3,2,6,4,2,24,26
6202,D,Dc,Beukema,Napoli,5,6,-1,5,6,-1,10,10
6631,D,Dc,Ghilardi,Roma,5,4,1,5,4,1,8,8
7526,D,Dc,Comert,Torino,5,4,1,5,4,1,14,14
6021,D,Dd;Dc,Abankwah,Udinese,5,1,4,5,1,4,13,14
7253,D,Dc,Bella-Kotchap,Venezia,5,6,-1,5,6,-1,13,13
4845,D,Dd;Ds;E,Correia T.,Venezia,5,4,1,5,4,1,8,8
5695,D,Ds;E,Haps,Venezia,5,5,0,5,5,0,10,10
7563,D,Dd;Ds;E,Favasuli,Napoli,5,4,1,6,5,1,15,17
5751,D,Dd;E,Patterson,Torino,5,5,0,5,5,0,10,10
2169,D,B;Ds;E,Rodriguez R.,Torino,5,5,0,6,6,0,12,14
7068,D,Dc,Vitik,Bologna,4,5,-1,4,5,-1,10,10
5449,D,Ds;E,Parisi,Fiorentina,4,5,-1,4,5,-1,10,10
5757,D,Dc,Cittadini,Frosinone,4,3,1,4,3,1,11,11
7012,D,Dc,Provstgaard,Lazio,4,3,1,4,3,1,12,12
7131,D,Dd;E,Floriani Mussolini,Lazio,4,3,1,4,3,1,11,11
6632,D,Dc,Gaspar K.,Lecce,4,5,-1,4,5,-1,12,12
6659,D,Dc,Lucchesi,Monza,4,4,0,4,4,0,11,11
7238,D,Dd;Dc,Kouadio,Monza,4,3,1,4,3,1,14,10
4925,D,Ds;Dc,Carboni A.,Monza,4,3,1,4,4,0,9,11
5840,D,B;Ds;E,Olivera,Napoli,4,5,-1,5,6,-1,10,12
7235,D,Dc,Troilo,Parma,4,3,1,4,3,1,14,14
5307,D,Dc,Valenti,Parma,4,4,0,4,4,0,10,10
7255,D,Dd;Ds;E,Britschgi,Parma,4,3,1,5,4,1,12,12
6986,D,B;Dd;E,Rensch,Roma,4,5,-1,5,6,-1,14,16
5820,D,Dd;Ds;Dc,Bertola,Udinese,4,4,0,6,6,0,9,10
6890,D,Dc,Moreno M.,Venezia,4,5,-1,4,5,-1,6,6
6681,D,Dd;E,Sagrado,Venezia,4,2,2,4,2,2,4,4
4375,D,Ds;E,Terzic,Frosinone,4,4,0,4,4,0,5,5
7573,D,Dd;E,Cinquegrano,Sassuolo,4,1,3,4,1,3,10,10
256,D,Ds;Dc,Juan Jesus,Venezia,4,4,0,5,5,0,10,12
6047,D,Dd;E,Ehizibue,Genoa,4,4,0,4,4,0,10,10
5578,D,Dd;Dc,Kossounou,Atalanta,3,3,0,3,3,0,12,12
7326,D,Dd;Dc,Helland,Bologna,3,2,1,3,2,1,12,12
7014,D,Dd;E,Smolcic I.,Como,3,4,-1,3,4,-1,10,10
5603,D,Dc,Pongracic,Fiorentina,3,4,-1,3,4,-1,8,8
4378,D,Ds;Dc,Ranieri L.,Fiorentina,3,3,0,3,3,0,10,12
7537,D,Ds;E,Mitaj,Genoa,3,4,-1,3,4,-1,7,7
5273,D,Ds;E,Estupinan,Milan,3,3,0,3,3,0,13,13
4374,D,Dd;Dc,Walukiewicz,Sassuolo,3,4,-1,3,4,-1,10,12
4263,D,Dc,Kabasele,Udinese,3,4,-1,3,4,-1,12,12
5994,D,Ds;Dc,Ebosse,Udinese,3,2,1,3,2,1,5,5
5527,D,Dd;E,Zanoli,Udinese,3,4,-1,3,4,-1,10,10
7312,D,Ds;E,Arizala,Udinese,3,4,-1,3,4,-1,8,8
7154,D,Dc,Odenthal,Sassuolo,3,1,2,3,1,2,7,7
7599,D,E,Lulli,Roma,3,1,2,3,1,2,10,10
5742,D,Dd;Ds;E,Drameh,Genoa,3,3,0,4,4,0,9,10
5498,D,Dc,Casale,Bologna,2,3,-1,2,3,-1,5,5
7483,D,Ds;E,Alhassane,Bologna,2,2,0,2,2,0,6,6
7125,D,Ds;E,Idrissi R.,Cagliari,2,3,-1,2,3,-1,3,3
7175,D,Dd;E,Joao Mario,Fiorentina,2,3,-1,2,3,-1,12,12
7540,D,Dc,Akpoguma,Frosinone,2,3,-1,2,3,-1,6,6
6977,D,Dc,Otoa,Genoa,2,2,0,2,2,0,5,5
791,D,Dd;Ds;E,Sabelli,Genoa,2,2,0,2,2,0,5,5
7476,D,Dd;E,Bakoune,Monza,2,1,1,2,1,1,4,4
6638,D,Dc,Marin R.,Napoli,2,2,0,2,2,0,13,13
6985,D,Ds;Dc,Candè,Sassuolo,2,3,-1,2,3,-1,7,8
6925,D,Dc,Palma,Udinese,2,2,0,2,2,0,11,11
7538,D,Dc,Halhal,Venezia,2,4,-2,2,4,-2,10,10
6892,D,Dc,Schingtienne,Venezia,2,3,-1,2,3,-1,10,10
6673,D,Ds;Dc,Sverko,Venezia,2,3,-1,2,3,-1,7,7
7478,D,B;Ds;E,Franjic,Venezia,2,2,0,2,2,0,7,7
6537,D,Dd;Dc,Goglichidze,Monza,2,2,0,3,3,0,5,7
7605,D,Dd;E,Tchato,Frosinone,2,3,-1,2,3,-1,6,6
6601,D,Dd;Dc,Kambwala,Como,2,3,-1,3,4,-1,7,8
7615,D,Dc,Drobnic,Parma,2,1,1,2,1,1,1,1
487,D,Dd;E,De Silvestri,Bologna,1,1,0,1,1,0,4,4
418,D,Dc,Goldaniga,Como,1,1,0,1,1,0,1,1
6896,D,Dd;E,Van Der Brempt,Sassuolo,1,2,-1,1,2,-1,11,11
5424,D,Dc,Amey,Frosinone,1,1,0,1,1,0,1,1
7413,D,Ds;E,Puczka,Genoa,1,2,-1,1,2,-1,3,3
294,D,Dc,Rugani,Juventus,1,1,0,1,1,0,3,3
6039,D,B;Ds;E,Cabal,Juventus,1,1,0,1,1,0,4,4
327,D,Dd;Dc,Patric,Lazio,1,1,0,1,1,0,1,1
2263,D,Dd;E,Lazzari,Lazio,1,2,-1,1,2,-1,5,5
2728,D,Ds;E,Pellegrini Lu.,Lazio,1,2,-1,1,2,-1,7,7
6883,D,Dc,Jean,Lecce,1,2,-1,1,2,-1,4,4
7182,D,Ds;E,Ndaba,Lecce,1,1,0,1,1,0,5,5
7525,D,Ds;Dc,Diawara S.,Milan,1,2,-1,1,2,-1,4,4
5399,D,Dc,Antov,Monza,1,1,0,1,1,0,2,2
6809,D,Dc,Marianucci,Napoli,1,1,0,1,1,0,3,3
5481,D,Dd;Ds;E,Mazzocchi,Venezia,1,1,0,1,1,0,10,12
7202,D,Dc,Ndiaye,Parma,1,1,0,1,1,0,8,8
6149,D,Ds;E,Carboni F.,Parma,1,1,0,1,1,0,3,3
7260,D,Dc,Ziolkowski,Monza,1,1,0,1,1,0,8,8
7156,D,Ds;E,Pieragnolo,Sassuolo,1,1,0,1,1,0,1,1
252,D,B;Ds;E,Biraghi,Torino,1,2,-1,1,2,-1,5,6
7454,D,Ds;Dc,Gomes,Venezia,1,1,0,1,1,0,1,1
7548,D,Ds;E,Aurelio,Cagliari,1,2,-1,1,2,-1,5,5
7553,D,Dc,Omar Fayed,Frosinone,1,1,0,1,1,0,1,1
5812,D,B;Dd;Ds,Terracciano F.,Milan,1,2,-1,2,3,-1,4,7
7604,D,Ds;Dc,Maye,Monza,1,1,0,1,1,0,1,1
6826,D,Dd;E,Dembelè A.,Lecce,1,1,0,1,1,0,2,2
6875,C,T;A,Paz N.,Como,30,30,0,28,28,0,257,257
2194,C,M;C,Calhanoglu,Inter,27,27,0,28,28,0,237,267
4777,C,C;T,McTominay,Napoli,26,28,-2,26,28,-2,150,150
2167,C,W;A,Orsolini,Bologna,24,26,-2,23,25,-2,146,146
2423,C,T;A,Pulisic,Milan,24,25,-1,22,23,-1,142,142
2379,C,C;T,Rabiot,Milan,23,22,1,23,22,1,135,135
7126,C,T,Baturina,Como,20,19,1,20,18,2,155,155
7556,C,T,Mora,Roma,20,19,1,19,18,1,91,91
5559,C,C;T,Da Cunha,Como,18,18,0,18,18,0,85,85
1870,C,C,Barella,Inter,18,17,1,18,17,1,88,88
2517,C,T,De Bruyne,Napoli,17,15,2,16,14,2,103,103
2766,C,T;A,Zaniolo,Udinese,17,18,-1,16,17,-1,73,73
6908,C,C;T,Atta,Fiorentina,16,17,-1,16,17,-1,68,68
4973,C,C;T,McKennie,Juventus,16,17,-1,16,17,-1,61,61
632,C,W;A,Zaccagni,Lazio,16,16,0,16,15,1,100,100
7078,C,W;T,Mastantuono,Fiorentina,14,12,2,14,12,2,39,39
5119,C,C;T,Samardzic,Atalanta,13,12,1,13,12,1,37,37
5800,C,T;A,Gudmundsson A.,Lazio,13,13,0,12,12,0,41,41
152,C,C,Zielinski,Inter,13,10,3,13,10,3,41,41
6884,C,W;A,Conceicao,Juventus,13,12,1,12,11,1,63,63
7314,C,C;T,Taylor K.,Lazio,13,13,0,13,13,0,43,43
6684,C,C;T,Ekkelenkamp,Udinese,13,10,3,13,10,3,64,64
6372,C,E;W,Moreira,Milan,13,12,1,13,12,1,50,50
4179,C,W;A,Gonzalez N.,Juventus,13,11,2,12,10,2,48,48
5792,C,M;C,Ederson D.S.,Atalanta,12,12,0,13,13,0,48,53
2606,C,M;C,Modric,Milan,12,12,0,13,13,0,44,49
5687,C,T,Vlasic,Torino,12,14,-2,11,13,-2,60,60
5172,C,C,Jones C.,Inter,12,12,0,12,12,0,36,36
6151,C,M;C,Perrone,Como,11,10,1,12,11,1,34,39
7129,C,W;A,Rodriguez Je.,Como,11,12,-1,10,11,-1,24,24
5823,C,T,Baldanzi,Genoa,11,11,0,10,10,0,22,22
2848,C,C;T,Frattesi,Lazio,11,7,4,11,7,4,117,117
7436,C,W;T,Alajbegovic,Juventus,11,12,-1,11,12,-1,40,40
1850,C,C,Kessiè,Atalanta,11,12,-1,11,12,-1,38,38
7625,C,W;T,Goncalves P.,Fiorentina,11,12,-1,11,12,-1,40,40
184,C,W;T,Bernardeschi,Bologna,10,9,1,10,9,1,26,26
6844,C,W;T,Rowe,Atalanta,10,11,-1,10,11,-1,37,37
1933,C,C,Mandragora,Torino,10,9,1,10,9,1,35,35
6274,C,E;C,Diouf,Inter,10,8,2,10,9,1,53,55
5500,C,W;A,Cancellieri,Lazio,10,9,1,9,8,1,21,21
4892,C,E;W,Saelemaekers,Milan,10,10,0,11,11,0,28,28
4287,C,M;C,Lobotka,Napoli,10,7,3,11,8,3,28,33
4220,C,C,Zambo Anguissa,Napoli,10,11,-1,10,11,-1,30,30
536,C,W,Politano,Napoli,10,10,0,9,9,0,35,35
5589,C,M;C,Konè M.,Roma,10,10,0,11,11,0,38,43
5844,C,C;T,Thorstvedt,Sassuolo,10,10,0,10,10,0,32,32
7472,C,M;C,Calò,Frosinone,9,7,2,10,8,2,30,35
5562,C,C,Thuram K.,Juventus,9,10,-1,9,10,-1,15,15
6398,C,W;A,Isaksen,Lazio,9,9,0,8,8,0,22,22
5504,C,M;C,Coulibaly L.,Lecce,9,6,3,10,7,3,16,21
5878,C,T,Colpani,Monza,9,8,1,8,7,1,15,13
7223,C,W;T,Vergara,Napoli,9,8,1,9,8,1,32,32
779,C,M;C,Cristante,Roma,9,8,1,10,9,1,29,34
6677,C,C;T,Adzic,Sassuolo,9,5,4,9,5,4,16,16
5735,C,W;T,Volpato,Sassuolo,9,7,2,9,7,2,24,24
5888,C,C;T,Casadei,Torino,9,10,-1,9,10,-1,20,20
530,C,C;T,Pellegrini Lo.,Roma,9,10,-1,9,10,-1,18,18
2077,C,C;T,Pasalic,Atalanta,8,9,-1,8,9,-1,21,21
5858,C,M;C,Ferguson,Bologna,8,7,1,9,8,1,22,27
4436,C,W;A,Cambiaghi,Bologna,8,8,0,7,7,0,22,22
4870,C,M;C,Adopo,Cagliari,8,6,2,9,7,2,13,16
7311,C,M;C,Romano,Cagliari,8,5,3,9,6,3,21,26
4465,C,M;C,Fagioli,Fiorentina,8,8,0,9,9,0,20,25
6294,C,C,Ndour,Fiorentina,8,8,0,8,8,0,17,17
7070,C,C,Sucic P.,Inter,8,8,0,8,8,0,20,20
827,C,M;C,Locatelli,Juventus,8,8,0,9,9,0,15,20
5761,C,W,Zhegrova,Juventus,8,6,2,7,5,2,25,25
4856,C,E;W,Chukwueze,Milan,8,6,2,8,5,3,20,22
6190,C,C,Pisilli,Roma,8,5,3,8,5,3,30,30
6717,C,C,Konè I.,Sassuolo,8,9,-1,8,9,-1,20,20
6680,C,M;C,Karlstrom,Udinese,8,6,2,9,7,2,20,23
7551,C,W;T,Schmid,Frosinone,8,8,0,8,8,0,26,26
4364,C,M;C,Gaetano,Atalanta,7,7,0,8,8,0,28,33
5422,C,W,Zalewski,Atalanta,7,6,1,6,5,1,13,13
5298,C,M;C,Pobega,Bologna,7,6,1,7,7,0,12,15
2765,C,T,Odgaard,Bologna,7,8,-1,6,7,-1,14,14
4260,C,M;C,Winks,Cagliari,7,6,1,8,7,1,15,20
6010,C,C;T,Fazzini,Cagliari,7,7,0,8,8,0,28,28
5791,C,M;C,Frendrup,Genoa,7,7,0,8,8,0,19,24
5685,C,C;T,Koopmeiners,Juventus,7,5,2,7,5,2,20,20
6593,C,C,Akinsanmiro,Monza,7,6,1,7,6,1,11,11
6666,C,C,Bernabè,Parma,7,7,0,7,7,0,30,30
2528,C,M;C,Matic,Sassuolo,7,5,2,8,6,2,16,21
7060,C,E;W,Cacciamani,Torino,7,5,2,7,6,1,26,26
6783,C,T,Unai Gomez,Udinese,7,7,0,6,6,0,14,14
5507,C,M;C,Busio,Venezia,7,5,2,8,6,2,14,17
5946,C,M;C,Sow,Genoa,7,7,0,8,8,0,15,20
7618,C,W;A,Hutchinson,Milan,7,8,-1,6,7,-1,18,18
7619,C,W;A,Monteiro J.,Lecce,7,7,0,6,6,0,21,21
5680,C,M;C,Sarr P.,Juventus,7,7,0,7,8,-1,23,28
6833,C,W;A,Mbangula,Bologna,7,8,-1,7,8,-1,20,20
7624,C,C,Braganca,Torino,7,6,1,7,6,1,19,19
795,C,W,El Shaarawy,Genoa,7,7,0,6,6,0,13,13
7412,C,M;C,Milla,Como,6,5,1,6,5,1,27,32
5036,C,C;T,Caqueret,Como,6,6,0,6,6,0,12,12
6678,C,T,Liberali,Como,6,6,0,5,5,0,13,13
7464,C,M;C,Oulai,Fiorentina,6,6,0,7,7,0,16,21
5998,C,W,Zerbin,Frosinone,6,5,1,5,4,1,12,10
6020,C,E;C,Ellertsson,Genoa,6,6,0,7,7,0,14,17
4459,C,M;C,Rovella,Lazio,6,6,0,7,7,0,16,19
6549,C,W,Pierotti,Lecce,6,6,0,6,5,1,19,17
2741,C,M;C,Pessina,Monza,6,7,-1,7,8,-1,15,20
6898,C,M;C,Keita M.,Parma,6,5,1,6,6,0,15,17
7036,C,C;T,Bakola,Sassuolo,6,5,1,6,5,1,18,18
7535,C,M;C,Fitz-Jim,Torino,6,4,2,6,5,1,18,23
6170,C,M;C,Gineitis,Torino,6,5,1,6,6,0,12,15
6218,C,W;T,Oristanio,Torino,6,7,-1,6,7,-1,12,14
7198,C,M;C,Piotrowski,Udinese,6,5,1,7,6,1,13,16
5674,C,M;C,Basic,Venezia,6,6,0,6,7,-1,16,21
6994,C,C;T,Perez K.,Venezia,6,5,1,6,5,1,15,15
6618,C,W;T,Cissè A.,Milan,6,3,3,6,3,3,38,38
4479,C,W;T,Elmas,Atalanta,6,7,-1,6,7,-1,21,21
1871,C,M;C,Deiola,Cagliari,5,3,2,5,3,2,8,8
6640,C,W,Felici,Cagliari,5,5,0,4,4,0,7,7
6506,C,W,Fini ,Frosinone,5,3,2,5,2,3,11,11
6917,C,M;C,Masini,Frosinone,5,2,3,5,2,3,8,10
4970,C,W;T,Messias,Genoa,5,3,2,5,3,2,8,8
7203,C,M;C,Jashari,Milan,5,4,1,5,4,1,13,13
5295,C,C;W,Musah,Milan,5,2,3,5,2,3,16,16
4349,C,M;C,Nicolussi Caviglia,Parma,5,6,-1,6,7,-1,16,21
6207,C,W;A,Almqvist,Parma,5,4,1,4,3,1,11,11
6827,C,W;A,Njie,Fiorentina,5,4,1,5,3,2,27,27
5319,C,C,Sohm,Venezia,5,5,0,5,5,0,10,10
7146,C,E;M,Tourè I.,Monza,5,6,-1,7,8,-1,14,17
22,C,M;C,De Roon,Roma,4,4,0,5,5,0,10,13
7528,C,M;C,Amondarain,Bologna,4,5,-1,5,6,-1,11,14
6054,C,M;C,Moro N.,Bologna,4,4,0,4,4,0,14,17
6895,C,W;A,Dominguez B.,Sassuolo,4,3,1,3,2,1,12,12
6815,C,W,Fadera,Cagliari,4,2,2,4,2,2,12,10
7127,C,W;A,Addai,Como,4,5,-1,3,4,-1,10,8
7473,C,M;C,Cichella,Frosinone,4,4,0,4,4,0,12,15
7341,C,M;C,Amorim,Genoa,4,4,0,5,5,0,11,13
7409,C,W;T,Meichtry,Genoa,4,5,-1,4,5,-1,11,11
2857,C,W;T,Traorè Hj.,Genoa,4,5,-1,4,5,-1,9,9
5301,C,E;W,Luis Henrique,Inter,4,4,0,5,5,0,12,14
2529,C,C,Mkhitaryan,Inter,4,5,-1,4,5,-1,9,9
4911,C,C,Douglas Luiz,Juventus,4,4,0,4,4,0,13,13
6629,C,C;T,Dele-Bashiru,Lazio,4,5,-1,4,5,-1,13,13
5457,C,M;C,Maleh,Lecce,4,2,2,4,2,2,7,9
7322,C,M;C,Ngom,Lecce,4,4,0,5,5,0,12,15
6015,C,C;T,Berisha M.,Lecce,4,5,-1,4,5,-1,12,12
7318,C,C;T,Gandelman,Lecce,4,5,-1,4,5,-1,10,10
4199,C,C;T,Loftus-Cheek,Milan,4,4,0,4,4,0,15,15
6252,C,C;T,Folorunsho,Monza,4,4,0,4,4,0,15,15
6005,C,M;C,Ilkhan,Torino,4,4,0,4,5,-1,8,10
7208,C,M;C,Miller L.,Udinese,4,3,1,4,3,1,12,15
7550,C,M;C,Grillitsch,Frosinone,4,5,-1,4,5,-1,10,13
7579,C,C;T,Massolin,Cagliari,4,4,0,4,4,0,12,12
6024,C,M;C,Sulemana I.,Sassuolo,3,3,0,3,3,0,7,8
4947,C,C;T,Brescianini,Fiorentina,3,3,0,3,3,0,11,11
6206,C,C;T,Fabbian,Parma,3,4,-1,3,4,-1,12,12
6903,C,C;T,Hasa,Frosinone,3,2,1,3,2,1,5,5
6191,C,M;C,Belahyane,Lazio,3,1,2,3,1,2,3,3
333,C,M;C,Cataldi,Lazio,3,4,-1,4,5,-1,10,13
7248,C,M;C,Gorter,Lecce,3,1,2,3,1,2,12,15
5453,C,M;C,Ricci S.,Como,3,4,-1,3,4,-1,12,15
5131,C,M;C,Gilmour,Napoli,3,3,0,3,3,0,10,10
7138,C,M;C,Ordonez C.,Parma,3,2,1,3,2,1,10,13
7536,C,W;A,Diallo O.,Parma,3,3,0,2,2,0,12,10
6246,C,M;C,Lipani,Sassuolo,3,2,1,3,2,1,5,5
5007,C,M;C,Ilic,Lecce,3,1,2,3,1,2,16,21
7183,C,W;A,Aboukhlal,Torino,3,3,0,2,2,0,5,4
801,C,M;C,Gagliardini,Cagliari,3,3,0,4,4,0,8,9
7232,C,T;A,Fernandez T.,Venezia,3,3,0,2,2,0,8,6
6225,C,M;C,El Azzouzi O.,Bologna,2,2,0,2,2,0,10,12
6241,C,C;T,Gelli F.,Frosinone,2,3,-1,2,3,-1,6,6
6503,C,M;C,Stankovic A.,Inter,2,3,-1,2,3,-1,7,9
7477,C,M;C,Colombo L.,Monza,2,3,-1,2,3,-1,4,5
7276,C,E;C,Cremaschi,Parma,2,1,1,2,1,1,3,3
6212,C,M;C,Zarraga,Udinese,2,1,1,2,1,1,4,4
7418,C,W;T,Chakvetadze,Udinese,2,2,0,2,2,0,6,6
5872,C,C;T,Helgason,Venezia,2,3,-1,2,3,-1,3,3
6592,C,W;T,Forson O.,Monza,2,1,1,2,1,1,1,1
7574,C,C,Foe Ondoa,Monza,2,1,1,2,1,1,2,2
7092,C,W;T,Jovanovic,Udinese,2,2,0,2,2,0,5,5
7628,C,M;C,Sierro,Parma,2,1,1,2,1,1,1,1
7165,C,M;C,Liteta,Cagliari,1,1,0,1,1,0,1,1
7357,C,C;T,Lahdo,Como,1,1,0,1,1,0,1,1
7456,C,M;C,El Azzouzi A.,Frosinone,1,1,0,1,1,0,1,1
5725,C,C,Kone B.,Frosinone,1,1,0,1,1,0,3,3
6980,C,W,Venturino,Genoa,1,2,-1,1,2,-1,4,4
7345,C,W;T,Przyborek,Lazio,1,1,0,1,1,0,5,5
6410,C,M;C,Kaba,Lecce,1,1,0,1,1,0,2,2
7319,C,M;C,Fofana Sa.,Lecce,1,1,0,1,1,0,1,1
5880,C,E;W,Ciurria,Monza,1,2,-1,1,2,-1,6,6
6219,C,M;C,Boloca,Sassuolo,1,2,-1,1,2,-1,5,5
7481,C,C,Dagasso,Venezia,1,1,0,1,1,0,1,1
526,C,C,Duncan,Venezia,1,2,-1,1,2,-1,4,4
7571,C,W;A,Laerke,Lecce,1,1,0,1,1,0,1,1
7572,C,M;C,Comotto,Milan,1,1,0,1,1,0,1,1
7575,C,C,Mout,Monza,1,1,0,1,1,0,12,12
5462,C,W,Ciervo,Cagliari,1,1,0,1,1,0,1,1
7629,C,C;T,Libra,Bologna,1,1,0,1,1,0,1,1
5585,A,Pc,Malen,Roma,37,34,3,37,34,3,450,450
2764,A,Pc,Martinez L.,Inter,34,35,-1,34,35,-1,382,382
4871,A,Pc,Thuram,Inter,30,29,1,30,29,1,271,271
6052,A,Pc,Hojlund,Napoli,28,28,0,28,28,0,284,284
6397,A,Pc,Ramos G.,Milan,26,27,-1,26,27,-1,220,220
2097,A,Pc,Kean,Como,24,25,-1,24,25,-1,165,165
5951,A,Pc,Kolo Muani,Juventus,24,26,-2,24,26,-2,120,120
6752,A,A,Woltemade,Juventus,22,23,-1,22,23,-1,127,127
7017,A,Pc,Douvikas,Como,21,20,1,21,20,1,165,165
6434,A,A,Yildiz,Juventus,21,23,-2,22,24,-2,75,75
2137,A,Pc,Scamacca,Atalanta,20,19,1,19,18,1,104,104
5637,A,Pc,Davis K.,Udinese,19,19,0,19,19,0,115,115
7071,A,Pc,Esposito F.P.,Inter,18,16,2,18,16,2,110,110
531,A,A,Berardi,Sassuolo,18,18,0,19,19,0,106,106
6435,A,Pc,Krstovic,Atalanta,17,18,-1,16,17,-1,90,87
5995,A,A,De Ketelaere,Atalanta,16,17,-1,17,18,-1,86,86
6675,A,Pc,Dovbyk,Bologna,16,16,0,16,16,0,40,37
7023,A,Pc,Pellegrino M.,Fiorentina,16,15,1,16,15,1,57,54
309,A,A,Dybala,Roma,16,14,2,17,15,2,113,113
6060,A,A,Laurientè,Sassuolo,16,15,1,16,16,0,81,81
5734,A,A,Soulè,Roma,15,12,3,16,13,3,55,55
6967,A,W;A,Diao,Como,14,11,3,15,12,3,70,72
7351,A,W;A,Santos A.,Napoli,14,14,0,15,15,0,55,55
6572,A,Pc,Castro S.,Roma,14,14,0,13,13,0,60,57
2061,A,Pc,Simeone,Torino,14,15,-1,14,15,-1,63,60
5694,A,Pc,Beto,Fiorentina,14,14,0,14,14,0,52,49
4371,A,A,Raspadori,Atalanta,13,13,0,14,14,0,50,50
4463,A,A,Esposito Se.,Sassuolo,13,13,0,14,14,0,45,45
7484,A,Pc,Adams A.,Venezia,12,12,0,11,11,0,36,33
5436,A,Pc,Raimondo,Frosinone,11,7,4,11,6,5,60,57
7347,A,Pc,Bowie,Sassuolo,11,10,1,10,9,1,34,34
2038,A,Pc,Pinamonti,Lazio,11,13,-2,11,12,-1,51,48
6646,A,A,Adams C.,Torino,11,9,2,12,10,2,27,27
7547,A,Pc,Kevin Carlos,Cagliari,11,13,-2,10,12,-2,25,22
7554,A,Pc,Romero D.,Parma,11,10,1,11,10,1,35,32
4923,A,Pc,Colombo,Genoa,10,11,-1,9,10,-1,51,48
6904,A,A,Yeboah J.,Venezia,10,8,2,10,8,2,30,30
6229,A,Pc,Tourè E.,Parma,10,11,-1,10,11,-1,30,30
4896,A,T;A,Maldini,Cagliari,9,5,4,9,6,3,28,28
4359,A,Pc,Piccoli,Bologna,9,8,1,8,7,1,43,40
6530,A,W;A,Ghedjemis,Frosinone,9,9,0,10,10,0,26,28
6204,A,W;A,Kvernadze,Frosinone,9,4,5,10,5,5,38,35
2155,A,Pc,Cutrone,Monza,9,9,0,8,8,0,17,14
7600,A,Pc,Osmajic,Genoa,9,8,1,8,7,1,31,28
7612,A,Pc,Bobcek,Frosinone,9,9,0,9,9,0,13,10
6164,A,A,Vitinha O.,Genoa,8,8,0,8,8,0,12,12
6669,A,Pc,Bonny,Inter,8,7,1,7,6,1,18,15
6556,A,A,Noslin,Lazio,8,6,2,8,6,2,15,15
5029,A,Pc,Geubbels,Lecce,8,9,-1,7,8,-1,18,15
7374,A,Pc,Mendy P.,Cagliari,7,4,3,6,3,3,16,13
7252,A,Pc,Stulic,Lecce,7,7,0,6,6,0,11,10
7523,A,Pc,Varela G.,Monza,7,3,4,7,3,4,37,34
7449,A,Pc,Rrahmani Al.,Venezia,7,8,-1,6,7,-1,12,9
7620,A,A,Zeballos,Monza,7,6,1,7,6,1,21,21
7623,A,W;A,Gnonto,Fiorentina,7,7,0,8,8,0,20,22
2832,A,W;A,Boga,Juventus,6,6,0,7,7,0,23,25
608,A,Pc,Zapata D.,Torino,6,7,-1,5,6,-1,12,10
7272,A,Pc,Gueye,Udinese,6,4,2,5,3,2,10,7
7546,A,A,Robinson J.,Monza,6,4,2,6,4,2,13,13
5918,A,A,Sulemana K.,Atalanta,5,6,-1,5,6,-1,5,5
5882,A,A,Mota,Monza,5,5,0,5,5,0,8,8
6831,A,W;A,Neres,Napoli,5,6,-1,6,7,-1,18,20
7561,A,A,Lontani,Parma,5,1,4,5,1,4,17,17
7001,A,W;A,N'Dri,Lecce,4,3,1,5,4,1,10,11
6519,A,Pc,Camarda,Milan,4,5,-1,3,4,-1,15,12
7120,A,A,Lang,Napoli,4,3,1,4,3,1,13,13
7213,A,A,Frigan,Parma,4,5,-1,4,5,-1,6,6
4387,A,Pc,Adorante,Venezia,4,5,-1,3,4,-1,5,5
2012,A,Pc,Milik,Juventus,4,5,-1,3,4,-1,3,3
7602,A,W;A,Fatah,Lecce,4,4,0,5,5,0,8,8
7610,A,Pc,Birligea,Frosinone,4,5,-1,4,5,-1,7,7
6145,A,A,Ngonge,Monza,4,5,-1,4,5,-1,12,12
5336,A,Pc,Nzola,Cagliari,4,4,0,4,4,0,10,10
7453,A,Pc,Havel,Genoa,3,4,-1,2,3,-1,5,5
7162,A,A,Giovane,Napoli,3,4,-1,3,4,-1,3,3
6215,A,Pc,Lucca,Napoli,3,3,0,3,3,0,12,10
7342,A,Pc,Elphege,Parma,3,3,0,3,3,0,10,10
7349,A,Pc,Kulenovic,Torino,3,4,-1,2,3,-1,7,7
6822,A,A,Ekhator,Juventus,2,3,-1,2,3,-1,7,7
7482,A,Pc,Lauberbach,Venezia,2,1,1,2,1,1,1,1
7627,A,Pc,Enem,Bologna,2,2,0,2,2,0,4,4
7317,A,Pc,Trepy,Cagliari,1,1,0,1,1,0,1,1
7161,A,Pc,Bayo V.,Udinese,1,1,0,1,1,0,3,3
7408,A,W;A,Lisman,Venezia,1,1,0,1,1,0,1,1
7568,A,Pc,De Martis,Parma,1,1,0,1,1,0,1,1
7622,A,A,Robinho Junior,Genoa,1,1,0,1,1,0,2,2
